field,source_column,packed_s32,packed_u32_hex,bits_31_30,bits_29_20,bits_19_10,bits_9_0,row_count
mainHand,0x19,0,0x00000000,0,0,0,0,5357
mainHand,0x19,1049600,0x00100400,0,1,1,0,3
mainHand,0x19,2134016,0x00209000,0,2,36,0,1
mainHand,0x19,2135040,0x00209400,0,2,37,0,1
mainHand,0x19,2136064,0x00209800,0,2,38,0,1
mainHand,0x19,32509952,0x01F01000,0,31,4,0,2
mainHand,0x19,58722304,0x03800800,0,56,2,0,3
mainHand,0x19,58722314,0x0380080A,0,56,2,10,1
mainHand,0x19,58722324,0x03800814,0,56,2,20,13
mainHand,0x19,58722334,0x0380081E,0,56,2,30,10
mainHand,0x19,58722344,0x03800828,0,56,2,40,5
mainHand,0x19,58722354,0x03800832,0,56,2,50,1
mainHand,0x19,58722355,0x03800833,0,56,2,51,6
mainHand,0x19,58723328,0x03800C00,0,56,3,0,1
mainHand,0x19,58723329,0x03800C01,0,56,3,1,8
mainHand,0x19,58723338,0x03800C0A,0,56,3,10,1
mainHand,0x19,58723339,0x03800C0B,0,56,3,11,9
mainHand,0x19,58723348,0x03800C14,0,56,3,20,25
mainHand,0x19,58723358,0x03800C1E,0,56,3,30,10
mainHand,0x19,58723368,0x03800C28,0,56,3,40,1
mainHand,0x19,58724352,0x03801000,0,56,4,0,27
mainHand,0x19,58724353,0x03801001,0,56,4,1,1
mainHand,0x19,58724354,0x03801002,0,56,4,2,1
mainHand,0x19,58724372,0x03801014,0,56,4,20,18
mainHand,0x19,58724382,0x0380101E,0,56,4,30,5
mainHand,0x19,58724393,0x03801029,0,56,4,41,2
mainHand,0x19,58724402,0x03801032,0,56,4,50,1
mainHand,0x19,59741184,0x038F9400,0,56,997,0,1
mainHand,0x19,60818432,0x03A00400,0,58,1,0,1
mainHand,0x19,60818442,0x03A0040A,0,58,1,10,2
mainHand,0x19,60818462,0x03A0041E,0,58,1,30,2
mainHand,0x19,60818472,0x03A00428,0,58,1,40,3
mainHand,0x19,60818482,0x03A00432,0,58,1,50,20
mainHand,0x19,60818492,0x03A0043C,0,58,1,60,1
mainHand,0x19,60818502,0x03A00446,0,58,1,70,3
mainHand,0x19,61867058,0x03B00432,0,59,1,50,2
mainHand,0x19,65012736,0x03E00400,0,62,1,0,3
mainHand,0x19,79692800,0x04C00400,0,76,1,0,1
mainHand,0x19,79692810,0x04C0040A,0,76,1,10,3
mainHand,0x19,79692820,0x04C00414,0,76,1,20,11
mainHand,0x19,79692840,0x04C00428,0,76,1,40,3
mainHand,0x19,79692850,0x04C00432,0,76,1,50,2
mainHand,0x19,79692860,0x04C0043C,0,76,1,60,16
mainHand,0x19,79692870,0x04C00446,0,76,1,70,1
mainHand,0x19,79692880,0x04C00450,0,76,1,80,11
mainHand,0x19,79692900,0x04C00464,0,76,1,100,4
mainHand,0x19,79692901,0x04C00465,0,76,1,101,2
mainHand,0x19,79692910,0x04C0046E,0,76,1,110,3
mainHand,0x19,79693824,0x04C00800,0,76,2,0,1
mainHand,0x19,79693825,0x04C00801,0,76,2,1,6
mainHand,0x19,79693826,0x04C00802,0,76,2,2,7
mainHand,0x19,79693827,0x04C00803,0,76,2,3,9
mainHand,0x19,79693834,0x04C0080A,0,76,2,10,3
mainHand,0x19,79693835,0x04C0080B,0,76,2,11,22
mainHand,0x19,79693844,0x04C00814,0,76,2,20,9
mainHand,0x19,79693845,0x04C00815,0,76,2,21,9
mainHand,0x19,79693855,0x04C0081F,0,76,2,31,1
mainHand,0x19,79693874,0x04C00832,0,76,2,50,8
mainHand,0x19,79693884,0x04C0083C,0,76,2,60,2
mainHand,0x19,79694848,0x04C00C00,0,76,3,0,21
mainHand,0x19,79694859,0x04C00C0B,0,76,3,11,1
mainHand,0x19,79694868,0x04C00C14,0,76,3,20,2
mainHand,0x19,79694869,0x04C00C15,0,76,3,21,28
mainHand,0x19,79695872,0x04C01000,0,76,4,0,1
mainHand,0x19,79695882,0x04C0100A,0,76,4,10,6
mainHand,0x19,79695883,0x04C0100B,0,76,4,11,18
mainHand,0x19,79695892,0x04C01014,0,76,4,20,9
mainHand,0x19,79695902,0x04C0101E,0,76,4,30,6
mainHand,0x19,79696936,0x04C01428,0,76,5,40,1
mainHand,0x19,79696966,0x04C01446,0,76,5,70,5
mainHand,0x19,79696976,0x04C01450,0,76,5,80,11
mainHand,0x19,79697920,0x04C01800,0,76,6,0,12
mainHand,0x19,79697930,0x04C0180A,0,76,6,10,19
mainHand,0x19,79697940,0x04C01814,0,76,6,20,33
mainHand,0x19,79697950,0x04C0181E,0,76,6,30,41
mainHand,0x19,79697960,0x04C01828,0,76,6,40,22
mainHand,0x19,79697970,0x04C01832,0,76,6,50,6
mainHand,0x19,79697980,0x04C0183C,0,76,6,60,25
mainHand,0x19,79698944,0x04C01C00,0,76,7,0,22
mainHand,0x19,79698945,0x04C01C01,0,76,7,1,15
mainHand,0x19,79698946,0x04C01C02,0,76,7,2,27
mainHand,0x19,79698947,0x04C01C03,0,76,7,3,17
mainHand,0x19,79698954,0x04C01C0A,0,76,7,10,13
mainHand,0x19,79700992,0x04C02400,0,76,9,0,2
mainHand,0x19,79702016,0x04C02800,0,76,10,0,2
mainHand,0x19,80712704,0x04CF9400,0,76,997,0,1
mainHand,0x19,80741376,0x04D00400,0,77,1,0,23
mainHand,0x19,80741386,0x04D0040A,0,77,1,10,11
mainHand,0x19,80741388,0x04D0040C,0,77,1,12,14
mainHand,0x19,80741396,0x04D00414,0,77,1,20,8
mainHand,0x19,80741406,0x04D0041E,0,77,1,30,5
mainHand,0x19,80741416,0x04D00428,0,77,1,40,4
mainHand,0x19,80741426,0x04D00432,0,77,1,50,2
mainHand,0x19,80741436,0x04D0043C,0,77,1,60,1
mainHand,0x19,147850240,0x08D00400,0,141,1,0,10
mainHand,0x19,147850241,0x08D00401,0,141,1,1,25
mainHand,0x19,147850242,0x08D00402,0,141,1,2,5
mainHand,0x19,147850260,0x08D00414,0,141,1,20,18
mainHand,0x19,147850270,0x08D0041E,0,141,1,30,5
mainHand,0x19,147850280,0x08D00428,0,141,1,40,10
mainHand,0x19,147850290,0x08D00432,0,141,1,50,2
mainHand,0x19,147850300,0x08D0043C,0,141,1,60,21
mainHand,0x19,147851264,0x08D00800,0,141,2,0,5
mainHand,0x19,147851265,0x08D00801,0,141,2,1,4
mainHand,0x19,147851266,0x08D00802,0,141,2,2,2
mainHand,0x19,147851274,0x08D0080A,0,141,2,10,7
mainHand,0x19,147851275,0x08D0080B,0,141,2,11,10
mainHand,0x19,147851276,0x08D0080C,0,141,2,12,31
mainHand,0x19,147851284,0x08D00814,0,141,2,20,1
mainHand,0x19,147851285,0x08D00815,0,141,2,21,6
mainHand,0x19,147851286,0x08D00816,0,141,2,22,21
mainHand,0x19,147851287,0x08D00817,0,141,2,23,6
mainHand,0x19,147852288,0x08D00C00,0,141,3,0,21
mainHand,0x19,147852289,0x08D00C01,0,141,3,1,12
mainHand,0x19,147852298,0x08D00C0A,0,141,3,10,17
mainHand,0x19,147852299,0x08D00C0B,0,141,3,11,2
mainHand,0x19,147852300,0x08D00C0C,0,141,3,12,3
mainHand,0x19,147852308,0x08D00C14,0,141,3,20,2
mainHand,0x19,147853312,0x08D01000,0,141,4,0,3
mainHand,0x19,147853313,0x08D01001,0,141,4,1,1
mainHand,0x19,147853322,0x08D0100A,0,141,4,10,8
mainHand,0x19,147853332,0x08D01014,0,141,4,20,3
mainHand,0x19,147853342,0x08D0101E,0,141,4,30,3
mainHand,0x19,147854356,0x08D01414,0,141,5,20,1
mainHand,0x19,147856384,0x08D01C00,0,141,7,0,3
mainHand,0x19,147859456,0x08D02800,0,141,10,0,1
mainHand,0x19,148870144,0x08DF9400,0,141,997,0,1
mainHand,0x19,148898866,0x08E00432,0,142,1,50,1
mainHand,0x19,168821760,0x0A100400,0,161,1,0,6
mainHand,0x19,168821761,0x0A100401,0,161,1,1,20
mainHand,0x19,168821770,0x0A10040A,0,161,1,10,25
mainHand,0x19,168821780,0x0A100414,0,161,1,20,54
mainHand,0x19,168821790,0x0A10041E,0,161,1,30,11
mainHand,0x19,168821800,0x0A100428,0,161,1,40,5
mainHand,0x19,168821810,0x0A100432,0,161,1,50,7
mainHand,0x19,168822784,0x0A100800,0,161,2,0,1
mainHand,0x19,168822785,0x0A100801,0,161,2,1,2
mainHand,0x19,168822794,0x0A10080A,0,161,2,10,5
mainHand,0x19,168822804,0x0A100814,0,161,2,20,7
mainHand,0x19,168822815,0x0A10081F,0,161,2,31,3
mainHand,0x19,168823808,0x0A100C00,0,161,3,0,5
mainHand,0x19,168823809,0x0A100C01,0,161,3,1,10
mainHand,0x19,168823811,0x0A100C03,0,161,3,3,22
mainHand,0x19,168823818,0x0A100C0A,0,161,3,10,1
mainHand,0x19,168823828,0x0A100C14,0,161,3,20,23
mainHand,0x19,168823829,0x0A100C15,0,161,3,21,2
mainHand,0x19,168823838,0x0A100C1E,0,161,3,30,8
mainHand,0x19,168823848,0x0A100C28,0,161,3,40,4
mainHand,0x19,168825856,0x0A101400,0,161,5,0,11
mainHand,0x19,168825857,0x0A101401,0,161,5,1,1
mainHand,0x19,168825858,0x0A101402,0,161,5,2,26
mainHand,0x19,168825866,0x0A10140A,0,161,5,10,10
mainHand,0x19,168825867,0x0A10140B,0,161,5,11,17
mainHand,0x19,168825876,0x0A101414,0,161,5,20,1
mainHand,0x19,168826880,0x0A101800,0,161,6,0,15
mainHand,0x19,168826881,0x0A101801,0,161,6,1,3
mainHand,0x19,168826882,0x0A101802,0,161,6,2,11
mainHand,0x19,168826883,0x0A101803,0,161,6,3,3
mainHand,0x19,168826884,0x0A101804,0,161,6,4,4
mainHand,0x19,168826885,0x0A101805,0,161,6,5,1
mainHand,0x19,168826890,0x0A10180A,0,161,6,10,1
mainHand,0x19,169870336,0x0A200400,0,162,1,0,5
mainHand,0x19,170918942,0x0A30041E,0,163,1,30,1
mainHand,0x19,171967488,0x0A400400,0,164,1,0,6
mainHand,0x19,171968512,0x0A400800,0,164,2,0,6
mainHand,0x19,171969536,0x0A400C00,0,164,3,0,6
mainHand,0x19,173016064,0x0A500400,0,165,1,0,2
mainHand,0x19,173016065,0x0A500401,0,165,1,1,2
mainHand,0x19,210764800,0x0C900400,0,201,1,0,3
mainHand,0x19,210764810,0x0C90040A,0,201,1,10,2
mainHand,0x19,210764820,0x0C900414,0,201,1,20,27
mainHand,0x19,210764830,0x0C90041E,0,201,1,30,8
mainHand,0x19,210764840,0x0C900428,0,201,1,40,14
mainHand,0x19,210764850,0x0C900432,0,201,1,50,6
mainHand,0x19,210765824,0x0C900800,0,201,2,0,2
mainHand,0x19,210765825,0x0C900801,0,201,2,1,9
mainHand,0x19,210765826,0x0C900802,0,201,2,2,63
mainHand,0x19,210765827,0x0C900803,0,201,2,3,13
mainHand,0x19,210765835,0x0C90080B,0,201,2,11,10
mainHand,0x19,210765836,0x0C90080C,0,201,2,12,2
mainHand,0x19,210765837,0x0C90080D,0,201,2,13,4
mainHand,0x19,210765844,0x0C900814,0,201,2,20,27
mainHand,0x19,210766848,0x0C900C00,0,201,3,0,4
mainHand,0x19,210766849,0x0C900C01,0,201,3,1,5
mainHand,0x19,210766850,0x0C900C02,0,201,3,2,5
mainHand,0x19,210766858,0x0C900C0A,0,201,3,10,11
mainHand,0x19,210766859,0x0C900C0B,0,201,3,11,1
mainHand,0x19,210766878,0x0C900C1E,0,201,3,30,5
mainHand,0x19,210766898,0x0C900C32,0,201,3,50,14
mainHand,0x19,210766918,0x0C900C46,0,201,3,70,1
mainHand,0x19,210767872,0x0C901000,0,201,4,0,1
mainHand,0x19,210767873,0x0C901001,0,201,4,1,5
mainHand,0x19,210767882,0x0C90100A,0,201,4,10,1
mainHand,0x19,210767892,0x0C901014,0,201,4,20,11
mainHand,0x19,210767902,0x0C90101E,0,201,4,30,2
mainHand,0x19,210767912,0x0C901028,0,201,4,40,5
mainHand,0x19,210767922,0x0C901032,0,201,4,50,4
mainHand,0x19,212861952,0x0CB00400,0,203,1,0,1
mainHand,0x19,212861953,0x0CB00401,0,203,1,1,1
mainHand,0x19,243270656,0x0E800400,0,232,1,0,15
mainHand,0x19,243270657,0x0E800401,0,232,1,1,8
mainHand,0x19,243270658,0x0E800402,0,232,1,2,12
mainHand,0x19,243270659,0x0E800403,0,232,1,3,4
mainHand,0x19,243270666,0x0E80040A,0,232,1,10,14
mainHand,0x19,243270676,0x0E800414,0,232,1,20,2
mainHand,0x19,243270686,0x0E80041E,0,232,1,30,2
mainHand,0x19,243270696,0x0E800428,0,232,1,40,2
mainHand,0x19,273679360,0x10500400,0,261,1,0,2
mainHand,0x19,274699264,0x105F9400,0,261,997,0,1
mainHand,0x19,294650880,0x11900400,0,281,1,0,3
mainHand,0x19,294650892,0x1190040C,0,281,1,12,4
mainHand,0x19,294650900,0x11900414,0,281,1,20,17
mainHand,0x19,294650920,0x11900428,0,281,1,40,4
mainHand,0x19,294650930,0x11900432,0,281,1,50,2
mainHand,0x19,294650940,0x1190043C,0,281,1,60,3
mainHand,0x19,294650960,0x11900450,0,281,1,80,1
mainHand,0x19,294650970,0x1190045A,0,281,1,90,3
mainHand,0x19,294651010,0x11900482,0,281,1,130,2
mainHand,0x19,294651904,0x11900800,0,281,2,0,1
mainHand,0x19,294651944,0x11900828,0,281,2,40,1
mainHand,0x19,294651964,0x1190083C,0,281,2,60,10
mainHand,0x19,294651984,0x11900850,0,281,2,80,5
mainHand,0x19,294652928,0x11900C00,0,281,3,0,22
mainHand,0x19,294652948,0x11900C14,0,281,3,20,4
mainHand,0x19,294652958,0x11900C1E,0,281,3,30,7
mainHand,0x19,294652968,0x11900C28,0,281,3,40,1
mainHand,0x19,310379520,0x12800400,0,296,1,0,4
mainHand,0x19,310379550,0x1280041E,0,296,1,30,38
mainHand,0x19,310379560,0x12800428,0,296,1,40,3
mainHand,0x19,310379570,0x12800432,0,296,1,50,16
mainHand,0x19,310379580,0x1280043C,0,296,1,60,30
mainHand,0x19,310379590,0x12800446,0,296,1,70,5
mainHand,0x19,310379600,0x12800450,0,296,1,80,9
mainHand,0x19,310379610,0x1280045A,0,296,1,90,1
mainHand,0x19,310379620,0x12800464,0,296,1,100,7
mainHand,0x19,310379630,0x1280046E,0,296,1,110,1
mainHand,0x19,310379640,0x12800478,0,296,1,120,1
mainHand,0x19,310380544,0x12800800,0,296,2,0,2
mainHand,0x19,331351042,0x13C00402,0,316,1,2,47
mainHand,0x19,331351044,0x13C00404,0,316,1,4,13
mainHand,0x19,331351045,0x13C00405,0,316,1,5,6
mainHand,0x19,331351046,0x13C00406,0,316,1,6,13
mainHand,0x19,331351047,0x13C00407,0,316,1,7,3
mainHand,0x19,331351048,0x13C00408,0,316,1,8,4
mainHand,0x19,331351049,0x13C00409,0,316,1,9,6
mainHand,0x19,331351050,0x13C0040A,0,316,1,10,7
mainHand,0x19,331351051,0x13C0040B,0,316,1,11,4
mainHand,0x19,331351052,0x13C0040C,0,316,1,12,5
mainHand,0x19,347079680,0x14B00400,0,331,1,0,3
mainHand,0x19,347079681,0x14B00401,0,331,1,1,5
mainHand,0x19,347079683,0x14B00403,0,331,1,3,11
mainHand,0x19,347079684,0x14B00404,0,331,1,4,15
mainHand,0x19,347079685,0x14B00405,0,331,1,5,8
mainHand,0x19,347079687,0x14B00407,0,331,1,7,2
mainHand,0x19,347079690,0x14B0040A,0,331,1,10,3
mainHand,0x19,347079691,0x14B0040B,0,331,1,11,22
mainHand,0x19,347079711,0x14B0041F,0,331,1,31,3
mainHand,0x19,347080704,0x14B00800,0,331,2,0,1
mainHand,0x19,347080706,0x14B00802,0,331,2,2,3
mainHand,0x19,347080744,0x14B00828,0,331,2,40,1
mainHand,0x19,347080754,0x14B00832,0,331,2,50,4
mainHand,0x19,347080814,0x14B0086E,0,331,2,110,7
mainHand,0x19,347081729,0x14B00C01,0,331,3,1,2
mainHand,0x19,347081739,0x14B00C0B,0,331,3,11,1
mainHand,0x19,347081758,0x14B00C1E,0,331,3,30,4
mainHand,0x19,347081778,0x14B00C32,0,331,3,50,1
mainHand,0x19,347081798,0x14B00C46,0,331,3,70,7
mainHand,0x19,347082752,0x14B01000,0,331,4,0,1
mainHand,0x19,347083776,0x14B01400,0,331,5,0,1
mainHand,0x19,348130304,0x14C00C00,0,332,3,0,1
mainHand,0x19,368051240,0x15F00428,0,351,1,40,1
mainHand,0x19,383779840,0x16E00400,0,366,1,0,6
mainHand,0x19,383779841,0x16E00401,0,366,1,1,5
mainHand,0x19,383779842,0x16E00402,0,366,1,2,8
mainHand,0x19,383779860,0x16E00414,0,366,1,20,1
mainHand,0x19,383779861,0x16E00415,0,366,1,21,1
mainHand,0x19,383779870,0x16E0041E,0,366,1,30,1
mainHand,0x19,383779881,0x16E00429,0,366,1,41,3
mainHand,0x19,383779882,0x16E0042A,0,366,1,42,1
mainHand,0x19,383779883,0x16E0042B,0,366,1,43,4
mainHand,0x19,404751360,0x18200400,0,386,1,0,1
mainHand,0x19,705692683,0x2A10040B,0,673,1,11,2
mainHand,0x19,705692693,0x2A100415,0,673,1,21,5
mainHand,0x19,705692712,0x2A100428,0,673,1,40,6
mainHand,0x19,705692722,0x2A100432,0,673,1,50,4
mainHand,0x19,705692733,0x2A10043D,0,673,1,61,1
mainHand,0x19,705692742,0x2A100446,0,673,1,70,1
mainHand,0x19,705692752,0x2A100450,0,673,1,80,7
mainHand,0x19,705692763,0x2A10045B,0,673,1,91,1
mainHand,0x19,717227009,0x2AC00401,0,684,1,1,1
mainHand,0x19,717227010,0x2AC00402,0,684,1,2,2
mainHand,0x19,717227011,0x2AC00403,0,684,1,3,1
mainHand,0x19,721421313,0x2B000401,0,688,1,1,2
mainHand,0x19,721421314,0x2B000402,0,688,1,2,3
mainHand,0x19,721421324,0x2B00040C,0,688,1,12,1
mainHand,0x19,721421325,0x2B00040D,0,688,1,13,6
mainHand,0x19,721421332,0x2B000414,0,688,1,20,3
mainHand,0x19,721421333,0x2B000415,0,688,1,21,7
mainHand,0x19,721421342,0x2B00041E,0,688,1,30,1
mainHand,0x19,721421362,0x2B000432,0,688,1,50,1
mainHand,0x19,721421382,0x2B000446,0,688,1,70,1
mainHand,0x19,737149954,0x2BF00402,0,703,1,2,7
mainHand,0x19,737149955,0x2BF00403,0,703,1,3,1
mainHand,0x19,737150977,0x2BF00801,0,703,2,1,2
mainHand,0x19,737150979,0x2BF00803,0,703,2,3,5
mainHand,0x19,737151016,0x2BF00828,0,703,2,40,1
mainHand,0x19,737152000,0x2BF00C00,0,703,3,0,2
mainHand,0x19,737152010,0x2BF00C0A,0,703,3,10,4
mainHand,0x19,747635722,0x2C90040A,0,713,1,10,1
mainHand,0x19,752878603,0x2CE0040B,0,718,1,11,1
mainHand,0x19,752878604,0x2CE0040C,0,718,1,12,2
mainHand,0x19,752878613,0x2CE00415,0,718,1,21,1
mainHand,0x19,752878622,0x2CE0041E,0,718,1,30,3
mainHand,0x19,752878632,0x2CE00428,0,718,1,40,2
mainHand,0x19,752879616,0x2CE00800,0,718,2,0,1
mainHand,0x19,752879636,0x2CE00814,0,718,2,20,3
mainHand,0x19,768607232,0x2DD00400,0,733,1,0,4
mainHand,0x19,768607242,0x2DD0040A,0,733,1,10,1
mainHand,0x19,768607243,0x2DD0040B,0,733,1,11,5
mainHand,0x19,768608256,0x2DD00800,0,733,2,0,3
mainHand,0x19,768609300,0x2DD00C14,0,733,3,20,6
mainHand,0x19,768610304,0x2DD01000,0,733,4,0,5
mainHand,0x19,768610314,0x2DD0100A,0,733,4,10,1
mainHand,0x19,768610324,0x2DD01014,0,733,4,20,2
mainHand,0x19,780141568,0x2E800400,0,744,1,0,9
mainHand,0x19,780141569,0x2E800401,0,744,1,1,1
mainHand,0x19,784335872,0x2EC00400,0,748,1,0,1
mainHand,0x19,784335873,0x2EC00401,0,748,1,1,1
mainHand,0x19,784335882,0x2EC0040A,0,748,1,10,5
mainHand,0x19,784335883,0x2EC0040B,0,748,1,11,4
mainHand,0x19,784335892,0x2EC00414,0,748,1,20,1
mainHand,0x19,784335902,0x2EC0041E,0,748,1,30,3
mainHand,0x19,784335912,0x2EC00428,0,748,1,40,1
mainHand,0x19,785384448,0x2ED00400,0,749,1,0,1
mainHand,0x19,800064512,0x2FB00400,0,763,1,0,1
mainHand,0x19,800064522,0x2FB0040A,0,763,1,10,1
mainHand,0x19,800065536,0x2FB00800,0,763,2,0,1
mainHand,0x19,800067584,0x2FB01000,0,763,4,0,1
mainHand,0x19,800068608,0x2FB01400,0,763,5,0,1
mainHand,0x19,800070656,0x2FB01C00,0,763,7,0,2
mainHand,0x19,815793163,0x30A0040B,0,778,1,11,2
mainHand,0x19,815793164,0x30A0040C,0,778,1,12,6
mainHand,0x19,815793166,0x30A0040E,0,778,1,14,1
mainHand,0x19,815793167,0x30A0040F,0,778,1,15,4
mainHand,0x19,815793173,0x30A00415,0,778,1,21,2
mainHand,0x19,815793182,0x30A0041E,0,778,1,30,1
mainHand,0x19,815795200,0x30A00C00,0,778,3,0,2
mainHand,0x19,815795220,0x30A00C14,0,778,3,20,1
mainHand,0x19,826278912,0x31400400,0,788,1,0,2
mainHand,0x19,862979072,0x33700400,0,823,1,0,4
mainHand,0x19,862979074,0x33700402,0,823,1,2,3
mainHand,0x19,862980096,0x33700800,0,823,2,0,5
mainHand,0x19,862980106,0x3370080A,0,823,2,10,12
mainHand,0x19,862980116,0x33700814,0,823,2,20,10
mainHand,0x19,862981120,0x33700C00,0,823,3,0,7
mainHand,0x19,862981121,0x33700C01,0,823,3,1,8
mainHand,0x19,862982144,0x33701000,0,823,4,0,5
mainHand,0x19,862982145,0x33701001,0,823,4,1,1
mainHand,0x19,873464835,0x34100403,0,833,1,3,1
mainHand,0x19,878707712,0x34600400,0,838,1,0,8
mainHand,0x19,878707723,0x3460040B,0,838,1,11,1
mainHand,0x19,878707724,0x3460040C,0,838,1,12,2
mainHand,0x19,878708736,0x34600800,0,838,2,0,5
mainHand,0x19,878708737,0x34600801,0,838,2,1,5
mainHand,0x19,878709770,0x34600C0A,0,838,3,10,2
mainHand,0x19,894436352,0x35500400,0,853,1,0,1
mainHand,0x19,894436362,0x3550040A,0,853,1,10,3
mainHand,0x19,894436363,0x3550040B,0,853,1,11,6
mainHand,0x19,894436364,0x3550040C,0,853,1,12,1
mainHand,0x19,894437376,0x35500800,0,853,2,0,2
mainHand,0x19,894437377,0x35500801,0,853,2,1,3
mainHand,0x19,894437378,0x35500802,0,853,2,2,1
mainHand,0x19,894437386,0x3550080A,0,853,2,10,1
mainHand,0x19,894437396,0x35500814,0,853,2,20,1
mainHand,0x19,894437406,0x3550081E,0,853,2,30,2
mainHand,0x19,894437416,0x35500828,0,853,2,40,3
mainHand,0x19,904922115,0x35F00403,0,863,1,3,1
mainHand,0x19,944770048,0x38500C00,0,901,3,0,1
mainHand,0x19,944771072,0x38501000,0,901,4,0,2
mainHand,0x19,944773120,0x38501800,0,901,6,0,1
mainHand,0x19,944775168,0x38502000,0,901,8,0,1
mainHand,0x19,944776192,0x38502400,0,901,9,0,1
mainHand,0x19,944778240,0x38502C00,0,901,11,0,1
mainHand,0x19,944779264,0x38503000,0,901,12,0,1
mainHand,0x19,944780288,0x38503400,0,901,13,0,1
mainHand,0x19,944781312,0x38503800,0,901,14,0,1
mainHand,0x19,944784384,0x38504400,0,901,17,0,1
mainHand,0x19,944787456,0x38505000,0,901,20,0,2
mainHand,0x19,944788480,0x38505400,0,901,21,0,1
mainHand,0x19,944790528,0x38505C00,0,901,23,0,1
mainHand,0x19,944792576,0x38506400,0,901,25,0,1
mainHand,0x19,944797696,0x38507800,0,901,30,0,1
mainHand,0x19,944803840,0x38509000,0,901,36,0,1
mainHand,0x19,944805888,0x38509800,0,901,38,0,1
mainHand,0x19,944809984,0x3850A800,0,901,42,0,1
mainHand,0x19,944811008,0x3850AC00,0,901,43,0,1
mainHand,0x19,947914752,0x38800800,0,904,2,0,4
mainHand,0x19,948962304,0x38900400,0,905,1,0,1
mainHand,0x19,954205184,0x38E00400,0,910,1,0,1
offHand,0x1A,0,0x00000000,0,0,0,0,6888
offHand,0x1A,1049600,0x00100400,0,1,1,0,5
offHand,0x1A,32506900,0x01F00414,0,31,1,20,4
offHand,0x1A,32507904,0x01F00800,0,31,2,0,2
offHand,0x1A,32507914,0x01F0080A,0,31,2,10,18
offHand,0x1A,32507915,0x01F0080B,0,31,2,11,1
offHand,0x1A,32507924,0x01F00814,0,31,2,20,3
offHand,0x1A,32507934,0x01F0081E,0,31,2,30,6
offHand,0x1A,32507944,0x01F00828,0,31,2,40,42
offHand,0x1A,32507954,0x01F00832,0,31,2,50,1
offHand,0x1A,32507964,0x01F0083C,0,31,2,60,16
offHand,0x1A,32508928,0x01F00C00,0,31,3,0,5
offHand,0x1A,32508938,0x01F00C0A,0,31,3,10,7
offHand,0x1A,32508939,0x01F00C0B,0,31,3,11,1
offHand,0x1A,32508948,0x01F00C14,0,31,3,20,14
offHand,0x1A,32508958,0x01F00C1E,0,31,3,30,2
offHand,0x1A,32508968,0x01F00C28,0,31,3,40,9
offHand,0x1A,32509952,0x01F01000,0,31,4,0,29
offHand,0x1A,32509953,0x01F01001,0,31,4,1,9
offHand,0x1A,32509962,0x01F0100A,0,31,4,10,25
offHand,0x1A,32509982,0x01F0101E,0,31,4,30,2
offHand,0x1A,32510976,0x01F01400,0,31,5,0,18
offHand,0x1A,32510977,0x01F01401,0,31,5,1,16
offHand,0x1A,32510978,0x01F01402,0,31,5,2,12
offHand,0x1A,32510979,0x01F01403,0,31,5,3,28
offHand,0x1A,32510981,0x01F01405,0,31,5,5,5
offHand,0x1A,32510983,0x01F01407,0,31,5,7,30
offHand,0x1A,32510984,0x01F01408,0,31,5,8,4
offHand,0x1A,32510986,0x01F0140A,0,31,5,10,9
offHand,0x1A,32512000,0x01F01800,0,31,6,0,1
offHand,0x1A,32512010,0x01F0180A,0,31,6,10,25
offHand,0x1A,32512030,0x01F0181E,0,31,6,30,7
offHand,0x1A,32513024,0x01F01C00,0,31,7,0,7
offHand,0x1A,32513064,0x01F01C28,0,31,7,40,6
offHand,0x1A,32514048,0x01F02000,0,31,8,0,2
offHand,0x1A,32514058,0x01F0200A,0,31,8,10,11
offHand,0x1A,32514078,0x01F0201E,0,31,8,30,33
offHand,0x1A,32514088,0x01F02028,0,31,8,40,5
offHand,0x1A,32514128,0x01F02050,0,31,8,80,1
offHand,0x1A,32514138,0x01F0205A,0,31,8,90,5
offHand,0x1A,32515082,0x01F0240A,0,31,9,10,2
offHand,0x1A,32515092,0x01F02414,0,31,9,20,7
offHand,0x1A,32515112,0x01F02428,0,31,9,40,7
offHand,0x1A,32515122,0x01F02432,0,31,9,50,3
offHand,0x1A,32516096,0x01F02800,0,31,10,0,2
offHand,0x1A,32517120,0x01F02C00,0,31,11,0,1
offHand,0x1A,33526784,0x01FF9400,0,31,997,0,11
offHand,0x1A,59770880,0x03900800,0,57,2,0,3
offHand,0x1A,59770890,0x0390080A,0,57,2,10,1
offHand,0x1A,59770900,0x03900814,0,57,2,20,13
offHand,0x1A,59770910,0x0390081E,0,57,2,30,10
offHand,0x1A,59770920,0x03900828,0,57,2,40,5
offHand,0x1A,59770930,0x03900832,0,57,2,50,1
offHand,0x1A,59770931,0x03900833,0,57,2,51,6
offHand,0x1A,59771904,0x03900C00,0,57,3,0,1
offHand,0x1A,59771905,0x03900C01,0,57,3,1,8
offHand,0x1A,59771914,0x03900C0A,0,57,3,10,1
offHand,0x1A,59771915,0x03900C0B,0,57,3,11,9
offHand,0x1A,59771924,0x03900C14,0,57,3,20,25
offHand,0x1A,59771934,0x03900C1E,0,57,3,30,10
offHand,0x1A,59771944,0x03900C28,0,57,3,40,1
offHand,0x1A,59772928,0x03901000,0,57,4,0,27
offHand,0x1A,59772929,0x03901001,0,57,4,1,1
offHand,0x1A,59772930,0x03901002,0,57,4,2,1
offHand,0x1A,59772948,0x03901014,0,57,4,20,18
offHand,0x1A,59772958,0x0390101E,0,57,4,30,5
offHand,0x1A,59772969,0x03901029,0,57,4,41,2
offHand,0x1A,59772978,0x03901032,0,57,4,50,1
offHand,0x1A,60789760,0x039F9400,0,57,997,0,1
offHand,0x1A,60818482,0x03A00432,0,58,1,50,2
offHand,0x1A,61867008,0x03B00400,0,59,1,0,1
offHand,0x1A,61867018,0x03B0040A,0,59,1,10,2
offHand,0x1A,61867038,0x03B0041E,0,59,1,30,2
offHand,0x1A,61867048,0x03B00428,0,59,1,40,3
offHand,0x1A,61867058,0x03B00432,0,59,1,50,20
offHand,0x1A,61867068,0x03B0043C,0,59,1,60,1
offHand,0x1A,61867078,0x03B00446,0,59,1,70,3
offHand,0x1A,66061312,0x03F00400,0,63,1,0,3
offHand,0x1A,79693824,0x04C00800,0,76,2,0,1
offHand,0x1A,79698944,0x04C01C00,0,76,7,0,1
offHand,0x1A,147859456,0x08D02800,0,141,10,0,1
offHand,0x1A,168821760,0x0A100400,0,161,1,0,3
offHand,0x1A,168821770,0x0A10040A,0,161,1,10,2
offHand,0x1A,236979200,0x0E200400,0,226,1,0,34
offHand,0x1A,236979210,0x0E20040A,0,226,1,10,230
offHand,0x1A,236982273,0x0E201001,0,226,4,1,1
offHand,0x1A,243270686,0x0E80041E,0,232,1,30,3
offHand,0x1A,243270706,0x0E800432,0,232,1,50,1
offHand,0x1A,331351042,0x13C00402,0,316,1,2,1
offHand,0x1A,716178432,0x2AB00400,0,683,1,0,2
offHand,0x1A,731907072,0x2BA00400,0,698,1,0,1
offHand,0x1A,731907073,0x2BA00401,0,698,1,1,2
offHand,0x1A,731907074,0x2BA00402,0,698,1,2,1
offHand,0x1A,747635714,0x2C900402,0,713,1,2,2
offHand,0x1A,753927168,0x2CF00400,0,719,1,0,1
offHand,0x1A,815793163,0x30A0040B,0,778,1,11,1
offHand,0x1A,826278913,0x31400401,0,788,1,1,1
offHand,0x1A,826278914,0x31400402,0,788,1,2,1
offHand,0x1A,944776192,0x38502400,0,901,9,0,1
offHand,0x1A,944804864,0x38509400,0,901,37,0,1
offHand,0x1A,945816576,0x38600400,0,902,1,0,2
offHand,0x1A,953159680,0x38D01000,0,909,4,0,1
offHand,0x1A,953160704,0x38D01400,0,909,5,0,1
offHand,0x1A,954206208,0x38E00800,0,910,2,0,1
spMainHand,0x1B,0,0x00000000,0,0,0,0,7830
spMainHand,0x1B,955253760,0x38F00400,0,911,1,0,1
spOffHand,0x1C,0,0x00000000,0,0,0,0,7831
throwing,0x1D,0,0x00000000,0,0,0,0,7828
throwing,0x1D,944769024,0x38500800,0,901,2,0,1
throwing,0x1D,950010880,0x38A00400,0,906,1,0,1
throwing,0x1D,953160704,0x38D01400,0,909,5,0,1
pack,0x1E,0,0x00000000,0,0,0,0,7601
pack,0x1E,231736330,0x0DD0040A,0,221,1,10,1
pack,0x1E,231736331,0x0DD0040B,0,221,1,11,88
pack,0x1E,231736332,0x0DD0040C,0,221,1,12,33
pack,0x1E,231736333,0x0DD0040D,0,221,1,13,2
pack,0x1E,231736350,0x0DD0041E,0,221,1,30,24
pack,0x1E,231736351,0x0DD0041F,0,221,1,31,70
pack,0x1E,231736352,0x0DD00420,0,221,1,32,2
pack,0x1E,231736353,0x0DD00421,0,221,1,33,2
pack,0x1E,231736360,0x0DD00428,0,221,1,40,5
pack,0x1E,231736361,0x0DD00429,0,221,1,41,1
pack,0x1E,231737384,0x0DD00828,0,221,2,40,1
pack,0x1E,231737405,0x0DD0083D,0,221,2,61,1
pouch,0x1F,0,0x00000000,0,0,0,0,7831
